input,output
賱丕蹃賵乇,Lahore
讴乇丕趩蹖,Karachi
倬卮丕賵乇,Peshawar
賮蹖氐賱 丌亘丕丿,Faisalabad
乇丕賵賱 倬賳趫蹖,Rawalpindi
诏噩乇丕賳賵丕賱丕,Gujranwala
賲賱鬲丕賳,Multan
丨蹖丿乇丌亘丕丿,Hyderabad
讴賵卅俟丕,Quetta
爻乇诏賵丿诰丕,Sargodha
爻蹖丕賱讴賵俟,Sialkot
亘蹃丕賵丕賱倬賵乇,Bahawalpur
趫蹖乇蹃 丕爻賲丕毓蹖賱 禺丕賳,Dera Ismail Khan
趫蹖乇蹃,Dera
丕爻賲丕毓蹖賱,Ismail
禺丕賳,Khan
賲丨讴,Mehak
賲馗賮乇 丌亘丕丿,Muzaffarabad
亘俟诏乇丕賲,Battagram
丕爻賱丕賲 丌亘丕丿,Islamabad
卮蹖禺 倬賵乇蹃,Shekhupura
诏噩乇丕鬲,Gujrat
爻蹃蹖賵丕賱,Sahiwal
丕賵讴丕乇丕,Okara
乇丨蹖賲 蹖丕乇 禺丕賳,Rahim Yar Khan
乇丨蹖賲,Rahim
蹖丕乇,Yar
賯氐賵乇,Kasur
趫蹖乇蹃 睾丕夭蹖 禺丕賳,Dera Ghazi Khan
睾丕夭蹖,Ghazi
俟賳趫賵 丕賱賱蹃 蹖丕乇,Tando Allahyar
賱丕趹讴丕賳蹃,Larkana
賳賵丕亘 卮丕蹃,Nawabshah
噩诰賳诏 氐丿乇,Jhang Saddar
噩诰賳诏,Jhang
氐丿乇,Saddar
丨丕賮馗 丌亘丕丿,Hafizabad
丿丕丿賵,Dadu
趩蹖賳蹖俟,Chiniot
賲乇丿丕賳,Mardan
賲丕賱蹖乇 讴賳俟賵賳賲賳俟,Malir Cantonment
賲丕賱蹖乇,Malir
讴賳俟賵賳賲賳俟,Cantonment
賲賳诏賵乇丕,Mingora
賲蹖乇 倬賵乇 禺丕氐,Mirpur Khas
爻讴丕乇丿賵,Skardu
亘蹃賵丕賱 賳诏乇,Bahawalnagar
賲馗賮乇 诏趹诰,Muzaffargarh
诏賱诏鬲,Gilgit
卮讴丕乇 倬賵乇,Shikarpur
丿丕丿丕,Dada
卮丕蹃讴賵俟,Shahkot
讴丕賲賵讴蹝,Kamoke
噩蹃賱賲,Jhelum
氐丿賯 丌亘丕丿,Saddiqabad
亘賵乇賵丕賱丕,Borwala
賲賵乇蹖趫讴蹝,Muridke
丌乇蹖賮 賵丕賱丕,Arif Wala
丌乇蹖賮,Arif
賵丕賱丕,Wala
讴賵蹃丕鬲,Kohat
賱蹖丕蹃,Layyah
俟賵乇趫乇,Tordher
毓賲乇讴賵俟,Umarkot
賱賵丿诰乇丕賳,Lodhran
禺丕賳 倬賵乇,Khanpur
禺賵囟丿丕乇,Khuzdar
賲賳噩诰賳趫,Manjhand
诏賵噩乇丕,Gojra
亘诰讴乇,Bhakkar
賳丕乇賵賵丕賱,Narowal
賲蹖丕诤賵丕賱蹖,Mianwali
趫爻讴 讴丕賱丕賳,Daska Kalan
趫爻讴,Daska
讴丕賱丕賳,Kalan
倬丕讴倬俟賳,Pakpattan
俟賳趫賵 丌丿賲,Tando Adam
俟賳趫賵,Tando
丌丿賲,Adam
俟賵亘蹃 俟蹖讴 爻賳诏诰,Toba Tek Singh
俟賵亘蹃,Toba
俟蹖讴,Tek
爻賳诏诰,Singh
趩卮胤蹖丕賳,Chishtian
卮丕蹃丿丕丿 讴賵俟,Shahdad Kot
卮丕蹃丿丕丿,Shahdad
讴賵俟,Kot
趩丕乇爻丿蹃,Charsadda
诏诰賵俟讴蹖,Ghotki
噩丕乇丕賳賵丕賱丕,Jaranwala
亘丕丿賳,Badin
丕丨賲丿 倬賵乇 丕蹖爻俟,Ahmadpur East
俟賳趫賵 賲丨賲丿 禺丕賳,Tando Muhammad Khan
賲丨賲丿,Muhammad
賵蹃丕乇蹖,Vihari
讴賲丕賱蹖丕,Kamalia
讴賵俟 丕丿賵,Kot Addu
丕丿賵,Addu
禺賵卮丕亘,Khushab
賵夭蹖乇 丌亘丕丿,Wazirabad
賲丕趫賱 俟丕丐賳,Model Town
賲丕趫賱,Model
俟丕丐賳,Town
氐賵丕亘蹖,Swabi
賳賵卮蹃乇蹃 趩诰丕丐賳蹖,Nowshera Chanoi
賳賵卮蹃乇蹃,Nowshera
趩诰丕丐賳蹖,Chanoi
噩賱丕賱 倬賵乇 噩俟賳,Jalalpur Jattan
趩丕賲賳,Chaman
讴賳丿诰讴賵俟,Kandhkot
蹃丕爻賱 倬賵乇,Hasilpur
丕乇蹖賮 賵丕賱丕,Arifwala
倬诰賵賱 賳诏乇,Phool Nagar
倬诰賵賱,Phool
賳诏乇,Nagar
丕俟讴 爻俟蹖,Attock City
丕俟讴,Attock
爻俟蹖,City
趩蹖趩賵鬲賳蹖,Chichawatni
讴诰丕乇蹖丕賳,Kharian
讴丕賲亘乇,Kambar
賲賵乇賵,Moro
賲蹖丕诤 趩賳賵賳,Mian Channun
賲蹖丕诤,Mian
趩賳賵賳,Channun
鬲乇亘鬲,Turbat
亘诰丕賱賵丕賱,Bhalwal
丿蹖倬丕賱 倬賵乇,Dipalpur
倬賳賵 丕賯賱,Pano Aqil
倬賳賵,Pano
丕賯賱,Aqil
讴賵鬲乇蹖,Kotri
蹃乇賳 丌亘丕丿,Harunabad
诏賵丕趫丕乇,Gwadar
倬俟賵讴蹖,Pattoki
乇亘丕丨,Rabwah
讴蹃乇賵乇 倬讴丕,Kahror Pakka
讴蹃乇賵乇,Kahror
倬讴丕,Pakka
诏噩乇 禺丕賳,Gujar Khan
诏噩乇,Gujar
讴賵俟 賲賱讴 亘乇讴诰賵乇丿丕乇,Kot Malik Barkhurdar
賲賱讴,Malik
亘乇讴诰賵乇丿丕乇,Barkhurdar
趩賵乇 讴賳丕,Chuhar Kana
趩賵乇,Chuhar
讴賳丕,Kana
卮丕乇讴賵俟,Shorkot
卮丕蹃丿丕丿 倬賵乇,Shahdadpur
卮亘賯丕丿乇,Shabqadar
賲丕賳爻蹃乇蹃,Mansehra
卮噩丕毓 丌亘丕丿,Shujaabad
丨賵蹖賱蹖 賱讴诰丕,Haveli Lakha
丨賵蹖賱蹖,Haveli
賱讴诰丕,Lakha
賲蹖賱爻蹖,Mailsi
卮讴乇 诏趹诰,Shakargarh
爻蹖亘蹖,Sibi
噩賲倬賵乇,Jampur
爻丕賲亘乇蹖丕賱,Sambrial
爻丕賳诏诰趹,Sanghar
蹃噩乇蹃 卮丕蹃 賲讴蹖賲,Hajra Shah Muqim
蹃噩乇蹃,Hajra
卮丕蹃,Shah
賲讴蹖賲,Muqim
讴亘蹖乇 賵丕賱丕,Kabirwala
趩賵賳蹖賳,Chunian
爻丕賳诏賱丕 蹃賱,Sangla Hill
爻丕賳诏賱丕,Sangla
蹃賱,Hill
蹃乇蹖 倬賵乇,Haripur
賳賳讴丕賳蹃 氐丕丨亘,Nankana Sahib
賳賳讴丕賳蹃,Nankana
氐丕丨亘,Sahib
倬爻乇賵趹,Pasrur
乇丕噩賳 倬賵乇,Rajanpur
乇賵蹃乇蹖,Rohri
夭賵亘,Zhob
賲鬲賱蹖,Matli
乇丕賵賱讴賵俟,Rawalakot
蹃趫丕賱蹖,Hadali
賲蹖乇 倬賵乇 賲蹖鬲诰蹖賱賵,Mirpur Mathelo
趫賵賱蹝 賵丕賱丕,Dullewala
丨丕賱丕,Hala
乇蹖俟賵趫蹖乇賵,Ratodero
噩丕鬲卅蹖 卮賲丕賱蹖,Jaatey Shumali
噩丕鬲卅蹖,Jaatey
卮賲丕賱蹖,Shumali
讴賵俟賱蹖,Kotli
噩賵蹃乇 丌亘丕丿,Jauharabad
亘丕鬲 讴诰蹖賱丕,Bat Khela
亘丕鬲,Bat
讴诰蹖賱丕,Khela
讴賵俟 乇丕丿诰丕 讴卮賳,Kot Radha Kishan
乇丕丿诰丕,Radha
讴卮賳,Kishan
讴诰賳丕 賳賵,Kahna Nau
讴诰賳丕,Kahna
賳賵,Nau
鬲丕賱诏丕賳诏,Talagang
鬲賵賳爻丕,Taunsa
鬲诰俟丕,Thatta
爻乇丕卅蹝 毓丕賱賲诏蹖乇,Sarai Alamgir
爻乇丕卅蹝,Sarai
毓丕賱賲诏蹖乇,Alamgir
丕爻鬲丕丿 賲丨賲丿,Ustad Muhammad
丕爻鬲丕丿,Ustad
讴丕賲乇丕,Kamra
亘卮蹖乇 倬賵乇,Basirpur
爻蹖蹃賵賳,Sehwan
讴乇丕趩蹖 蹖賵賳蹖賵乇爻俟蹖 丕蹖賲倬賱丕卅夭 讴賵丌倬乇蹖俟賵 蹃丕丐爻賳诏 爻賵爻丕卅俟蹖,Karachi University Employees Cooperative Housing Society
蹖賵賳蹖賵乇爻俟蹖,University
丕蹖賲倬賱丕卅夭,Employees
讴賵丌倬乇蹖俟賵,Cooperative
蹃丕丐爻賳诏,Housing
爻賵爻丕卅俟蹖,Society
賳賵卮蹃乇丕 賵乇讴賳,Naushahra Virkan
賳賵卮蹃乇丕,Naushahra
賵乇讴賳,Virkan
丨賵蹖賱蹖賳,Havelian
禺蹖乇 倬賵乇,Khairpur
趫賳诏丕,Dinga
賱丿诰蹖 賵丕賱丕 賵丕乇蹖趩,Ladhewala Waraich
賳卅蹖 亘丿丕蹃,Nayi Badah
賳卅蹖,Nayi
亘丿丕蹃,Badah
讴賵俟 賲賵賲蹖賳,Kot Mumin
賲賵賲蹖賳,Mumin
俟賳趫賱蹖賳 賵丕賱丕,Tandlianwala
丕毓馗賲,Azam
爻丕蹃賵,Sahu
賱賵乇丕賱丕卅蹖,Loralai
噩賱丕賱 倬賵乇 倬蹖乇 賵丕賱丕,Jalalpur Pirwala
倬亘蹖,Pabbi
噩诰賵賲乇丕,Jhumra
乇蹖賳丕賱丕 禺乇丿,Renala Khurd
乇蹖賳丕賱丕,Renala
禺乇丿,Khurd
賱讴蹖,Lakki
俟賵倬蹖,Topi
丿诰蹖乇讴賵俟,Dhirkot
蹃丕賳诏賵,Hangu
倬蹖乇 噩賵 诏賵鬲诰,Pir Jo Goth
倬蹖乇,Pir
噩賵,Jo
诏賵鬲诰,Goth
讴賳趫蹖丕賳,Kundian
倬蹖乇 賲丨賱,Pir Mahal
賲丨賱,Mahal
讴诰乇丕乇蹖丕賳賵丕賱丕,Khurarianwala
賲蹃乇亘 倬賵乇,Mehrabpur
倬賳趫蹖 亘诰俟蹖丕賳,Pindi Bhattian
倬賳趫蹖,Pindi
亘诰俟蹖丕賳,Bhattian
賳丕乇賳诏 賲賳趫蹖,Narang Mandi
賳丕乇賳诏,Narang
賲賳趫蹖,Mandi
賲丕賱丕讴賵丕賱,Malakwal
鬲诰賵賱,Thul
倬賳趫蹖 诏诰蹖亘,Pindi Gheb
诏诰蹖亘,Gheb
馗丕蹃乇 倬蹖乇,Zahir Pir
馗丕蹃乇,Zahir
丿賳蹖蹃 倬賵乇,Dunyapur
诏丕賲亘丕俟,Gambat
毓賱蹖 倬賵乇,Alipur
賳賵趫蹖乇賵,Naudero
倬爻賳蹖,Pasni
爻讴诰讴蹝 賲賳趫蹖,Sukheke Mandi
爻讴诰讴蹝,Sukheke
爻蹖鬲丕乇噩丕 丕賵賱趫,Setharja Old
爻蹖鬲丕乇噩丕,Setharja
丕賵賱趫,Old
讴蹖賵乇丕,Khewra
賲賲賵 讴賳噩賳,Mamu Kanjan
賲賲賵,Mamu
讴賳噩賳,Kanjan
卮丕乇賯 倬賵乇 卮乇蹖賮,Sharqpur Sharif
丿蹖诏乇蹖,Digri
亘诰蹖乇丕,Bhera
爻讴乇賳丿,Sakrand
俟賳趫賵 噩丕賲,Tando Jam
噩丕賲,Jam
乇丕卅 賵賳趫,Raiwind
賱丕賱蹖賳,Lalian
禺蹖乇 倬賵乇 鬲賲蹖 賵丕蹃,Khairpur Tamewah
禺乇丕賳,Kharan
賲蹃乇,Mehar
讴诰丕賳诏丕蹃 趫賵诏乇丕賳,Khangah Dogran
讴诰丕賳诏丕蹃,Khangah
趫賵诏乇丕賳,Dogran
禺蹖乇 倬賵乇 賳丕鬲诰賳 卮丕蹃,Khairpur Nathan Shah
丕倬乇 趫蹖乇,Upper Dir
丕倬乇,Upper
趫蹖乇,Dir
诏诰賵爻 倬賵乇,Ghauspur
鬲丕賳诏蹖,Tangi
丕鬲賲丕賳夭卅蹖,Utmanzai
鬲诰賱,Thal
賲賳趩蹖丕 丌亘丕丿,Minchianabad
诏趹诰 賲蹃丕乇丕噩蹃,Garh Maharaja
诏趹诰,Garh
賲蹃丕乇丕噩蹃,Maharaja
噩蹃丕賳蹖丕诤 卮丕蹃,Jahanian Shah
噩蹃丕賳蹖丕诤,Jahanian
賲爻鬲賳诏,Mastung
丨丕噩蹖蹃,Hajira
賲賳丕賳賵丕賱丕,Mananwala
賮囟賱 倬賵乇,Fazilpur
鬲賱賲亘丕,Talamba
讴賳噩蹃,Kunjah
噩诰丕賵乇丕卅蹖,Jhawarian
賳丕氐乇 丌亘丕丿,Nasirabad
賳賵卮讴蹖,Nushki
亘诰蹖賲亘乇,Bhimber
爻蹖鬲丕 乇賵趫,Sita Road
爻蹖鬲丕,Sita
乇賵趫,Road
趫蹖噩蹖讴賵俟,Dijkot
爻賱丕賳賵丕賱蹖,Sillanwali
噩诏賱賵俟,Jaglot
讴丕賳趫蹖丕乇賵,Kandiaro
夭蹖丿蹃,Zaida
讴賳乇蹖,Kunri
讴賱丕俟,Kalat
丿丕丐丿 讴诰蹖賱,Daud Khel
丿丕丐丿,Daud
讴诰蹖賱,Khel
賲蹖俟诰丕 鬲蹖賵丕賳丕,Mitha Tiwana
賲蹖俟诰丕,Mitha
鬲蹖賵丕賳丕,Tiwana
趫賳诏丕 亘賵賳诏丕,Dunga Bunga
亘賵賳诏丕,Bunga
丕賲丕賳 诏趹诰,Aman Garh
丕賲丕賳,Aman
讴乇賵乇,Karor
讴賵俟 丿蹖噩蹖,Kot Diji
丿蹖噩蹖,Diji
讴賱賵乇 讴賵俟,Kalur Kot
讴賱賵乇,Kalur
賲乇蹖,Murree
賮丕讴乇賵丕賱蹖,Faqirwali
賲蹖丕诤 氐丕丨亘,Mian Sahib
丕丨賲丿 倬賵乇 爻蹖丕賱,Ahmadpur Sial
倬诰賱蹖丕,Phalia
蹖夭賲丕賳,Yazman
乇丕噩蹃 噩賳诏,Raja Jang
乇丕噩蹃,Raja
噩賳诏,Jang
倬卮蹖賳,Pishin
趩丕賵賳丿丕,Chawinda
丕賵亘丕丐乇賵,Ubauro
賲蹖俟诰蹖,Mithi
丕讴賵乇丕,Akora
倬賱賳丿乇蹝,Pallandri
馗賮乇賵丕賱,Zafarwal
讴賵俟 爻賲丕亘丕,Kot Samaba
爻賲丕亘丕,Samaba
丕賲蹖賳 丌亘丕丿,Ameenabad
讴蹃賵鬲丕,Kahuta
乇丕賳蹖 倬賵乇,Ranipur
讴賵賱丕趩蹖,Kolachi
禺丕賳 倬賵乇 賲蹃乇,Khanpur Mahar
蹃賳诏賵乇噩丕,Hingorja
賳賵讴賵俟,Naukot
倬賳趫 丿丕丿賳 禺丕賳,Pind Dadan Khan
倬賳趫,Pind
丿丕丿賳,Dadan
讴賳诏賳 倬賵乇,Kanganpur
讴賵俟賱蹖 賱賵蹃乇丕賳,Kotli Loharan
賱賵蹃乇丕賳,Loharan
鬲丕賱蹃丕乇,Talhar
倬蹖趫 丕蹖趫賳,Pad Idan
倬蹖趫,Pad
丕蹖趫賳,Idan
讴賵俟 睾賱丕賲 賲丨賲丿,Kot Ghulam Muhammad
睾賱丕賲,Ghulam
賯丕丿乇 倬賵乇 乇丕賳,Qadirpur Ran
亘蹖賱丕,Bela
爻賵讴 讴賱丕賳,Sook Kalan
爻賵讴,Sook
讴賱丕賳,Kalan
爻賵乇讴诰 倬賵乇,Surkhpur
丿诰賵乇賵 賳丕乇賵,Dhoro Naro
丿诰賵乇賵,Dhoro
賳丕乇賵,Naro
讴诰賳 诏趹诰,Khangarh
爻乇丕卅蹝 賳賵乇賳诏,Sarai Naurang
賳賵乇賳诏,Naurang
诏诰丕乇賵,Gharo
倬丕讴爻鬲丕賳 丕蹖賲倬賱丕卅夭 讴賵丌倬乇蹖俟賵 蹃丕丐爻賳诏 爻賵爻丕卅俟蹖,Pakistan Employees Cooperative Housing Society
倬丕讴爻鬲丕賳,Pakistan
亘诰蹖鬲 卮丕蹃,Bhit Shah
亘诰蹖鬲,Bhit
讴诰丕卅蹖 诏丕賱丕,Khai Gala
讴诰丕卅蹖,Khai
诏丕賱丕,Gala
賲鬲蹖丕乇蹖,Matiari
丿诰賳賵鬲,Dhanot
賵丕乇丕蹃,Warah
賱丕趩蹖,Lachi
亘丿丿賵賲丕賱诰蹖,Baddomalhi
噩賳丿,Jand
賮鬲丨 倬賵乇,Fatehpur
趫蹖乇蹃 亘诏俟蹖,Dera Bugti
亘诏俟蹖,Bugti
賲賵爻蹖侔,Musa
賲賵爻蹖,Musi
亘丕賳丿蹃,Banda
讴丕賱蹝,Kallay
鬲诰乇賵 卮丕蹃,Tharo Shah
鬲诰乇賵,Tharo
賳賵卮蹃乇蹃 賮蹖乇賵夭,Naushehro Firoz
賮蹖乇賵夭,Firoz
丿噩賱,Dajal
丿賵乇,Daur
亘诰賵倬丕賱 賵丕賱丕,Bhopalwala
倬蹃丕趹 倬賵乇,Paharpur
亘诰丕賳,Bhan
賲丕趩,Mach
诏賵鬲诰 乇丕丿诰賳,Goth Radhan
乇丕丿诰賳,Radhan
丕爻賱丕賲 诏趹诰,Islamgarh
丕鬲丕賱,Uthal
讴丕賱蹖讴蹝 賲賳趫蹖,Kalekay Mandi
讴丕賱蹖讴蹝,Kalekay
噩蹖賵丕賳蹖,Jiwani
噩賵蹃蹖,Johi
賲賳诏賱丕,Mangla
亘诰丕賵賳丕,Bhawana
卮蹃乇 爻賱胤丕賳,Shehr Sultan
卮蹃乇,Shehr
爻賱胤丕賳,Sultan
爻賵丿诰乇蹖,Sodhri
讴丕賱丕亘丕诏,Kalabagh
爻賳噩诰賵乇賵,Sinjhoro
讴丕賲乇 賲卮丕賳蹖,Kamar Mushani
讴丕賲乇,Kamar
賲卮丕賳蹖,Mushani
讴賱乇 讴蹃乇,Kallar Kahar
讴賱乇,Kallar
讴蹃乇,Kahar
趩賵乇 噩賲丕賱,Chor Jamali
噩賲丕賱,Jamali
蹃乇賳賵賱蹖,Harnoli
爻乇丕卅蹝 爻丿诰賵,Sarai Sidhu
爻丿诰賵,Sidhu
趩賵丕 爻蹖丿丕賳 卮丕蹃,Choa Saidan Shah
趩賵丕,Choa
爻蹖丿丕賳,Saidan
丿丕丿乇,Dadhar
丿乇蹖丕 禺丕賳,Darya Khan
丿乇蹖丕,Darya
蹃趹倬蹃,Harappa
趫丕卅乇蹃 丿賳 倬丕賳蹃,Daira Din Panah
趫丕卅乇蹃,Daira
丿賳,Din
倬丕賳蹃,Panah
诏乇蹖丕卮蹖賳,Gariyashin
賲蹖趫噩蹖,Madeji
趫賵讴乇蹖,Dokri
爻賵亘賵趫蹖乇賵,Sobodero
趫賱亘賳趫賳,Dalbandin
丿賵賱鬲 倬賵乇,Daulatpur
亘诰丕诏丕,Bhaga
乇爻賵賱 賳诏乇,Rasulnagar
卮丕蹃 倬賵乇,Shahpur
亘丕賮丕,Bafa
賲丨賲丿 倬賵乇,Muhammad Pur
倬賵乇,Pur
賯乇丕賯,Karak
诏趹诰蹖 禺蹖乇賵,Garhi Khairo
诏趹诰蹖,Garhi
禺蹖乇賵,Khairo
诏趫丕賳蹖,Gadani
爻賵乇丕亘,Surab
乇賵噩賳,Rojhan
丕賵乇賲丕乇丕,Ormara
趩蹖賲亘乇,Chamber
讴賱爻賵丕賱丕,Kalaswala
丕爻賱丕賲讴賵俟,Islamkot
賱賱蹖丕賳蹖,Liliani
亘诰蹖乇蹖丕,Bhiria
賲乇賵蹃 诏賵乇趩丕賳蹖,Marwah Gorchani
賲乇賵蹃,Marwah
诏賵乇趩丕賳蹖,Gorchani
丿诰賳讴賱,Dhankal
亘诰诏賵賵丕賱,Bhagowal
爻蹖丿 倬賵乇,Saidpur
蹃丕鬲蹖丕诤 亘丕賱丕,Hatian Bala
蹃丕鬲蹖丕诤,Hatian
亘丕賱丕,Bala
丿賵賱鬲丕賱蹃,Daulatala
趫倬賱賵,Diplo
讴賵蹃賱賵,Kohlu
蹃乇賳丕卅蹖,Harnai
噩賳丿蹖丕賱蹃 卮蹖乇 禺丕賳,Jandiala Sher Khan
噩賳丿蹖丕賱蹃,Jandiala
卮蹖乇,Sher
丿丕乇賵賲蹃丕乇,Daromehar
賲賳讴蹖乇丕,Mankera
亘诰诏賵丕賱,Bhagwal
爻賳噩賵丕賱,Sanjwal
賲蹖乇賵 禺丕賳,Miro Khan
賲蹖乇賵,Miro
爻蹖蹃賳爻丕,Sehnsa
讴诰乇,Khar
讴賵俟 爻賱胤丕賳,Kot Sultan
诏蹃讴賵趩,Gahkuch
讴诰丿乇賵,Khadro
亘乇丕賳蹖,Berani
賲乇丿丕丿 賲毓丕賮蹖,Mirdad Muafi
賲乇丿丕丿,Mirdad
賲毓丕賮蹖,Muafi
鬲亘亘蹖 噩蹝 爻賳诏诰,Tibbi Jay Singh
鬲亘亘蹖,Tibbi
噩蹝,Jay
亘蹖诏賵丕賱丕,Begowala
鬲丕賳诏賵丕賳蹖,Tangwani
亘賵夭丿丕乇 賵丕趹蹃,Bozdar Wada
亘賵夭丿丕乇,Bozdar
賵丕趹蹃,Wada
噩丕鬲蹖,Jati
乇爻鬲賲,Rustam
丿乇蹖丕 禺丕賳 賲乇蹖,Darya Khan Mari
爻賵亘鬲 倬賵乇,Sohbatpur
丿賵丌亘丕,Doaba
賲蹖乇 倬賵乇 亘诰鬲賵乇賵,Mirpur Bhatoro
爻賳,Sun
爻丕賲丕乇賵,Samaro
亘乇禺丕賳,Barkhan
亘賳丿诰蹖,Bandhi
讴乇賵賳趫蹖,Karaundi
讴賵乇蹖 卮丕蹃 夭蹖乇賳,Kauri Shah Zerin
讴賵乇蹖,Kauri
夭蹖乇賳,Zerin
賲蹖乇 倬賵乇 爻丕讴乇賵,Mirpur Sakro
毓丕丿賱 倬賵乇,Adilpur
禺賵蹖乇丕俟丕,Khuiratta
亘丕诏乇噩蹖,Bagarji
诏趹诰蹖 丿賵倬俟蹃,Garhi Dupatta
丿賵倬俟蹃,Dupatta
丌鬲賲賵賯丕賲,Aatmuqam
诏賵鬲诰 倬诰賵賱噩蹖,Goth Phulji
倬诰賵賱噩蹖,Phulji
乇丕噩賵 禺丕賳丕賳蹖,Rajo Khanani
乇丕噩賵,Rajo
禺丕賳丕賳蹖,Khanani
丕賱讴 诏賳趫,Alik Gand
丕賱讴,Alik
诏賳趫,Gand
趩丕乇蹃賵卅蹖,Charhoi
丿蹖賳丕賳 亘卮賳賵卅蹖賳 賵丕賱丕,Dinan Bashnoian Wala
丿蹖賳丕賳,Dinan
亘卮賳賵卅蹖賳,Bashnoian
鬲诰賲蹖賵賱蹖,Thamiowali
噩丕賲 氐丕丨亘,Jam Sahib
讴賳趫蹖乇蹖,Kandiari
讴丿诰賳,Kadhan
诏賵鬲诰 诏蹖乇蹖賱賵,Goth Garelo
诏蹖乇蹖賱賵,Garelo
賳匕蹖乇 俟丕丐賳,Nazir Town
賳匕蹖乇,Nazir
讴诰丕丿賳 讴诰讴,Khadan Khak
讴诰丕丿賳,Khadan
讴诰讴,Khak
倬鬲诰賵乇賵,Pithoro
趫賵讴蹖,Doki
賳亘蹖爻乇,Nabisar
讴乇蹖賵 诏诰賳賵乇,Kario Ghanwar
讴乇蹖賵,Kario
诏诰賳賵乇,Ghanwar
诏賵鬲诰 卮賲爻 倬蹖乇,Goth Shams Pir
卮賲爻,Shams
賳賵 賲蹖丕诤 氐丕丨亘,Nau Mian Sahib
賲蹃賲賳丿,Mehmand
賲睾賱 丌亘丕丿,Mughalabad
亘賱乇蹖,Bulri
卮賳诏賱蹖 亘丕賱丕,Shingli Bala
卮賳诏賱蹖,Shingli
毓賱蹖夭丕卅蹖,Alizai
賲蹖乇丕賳 卮丕蹃,Miran Shah
賲蹖乇丕賳,Miran
丕賲蹖乇 丌亘丕丿,Amirabad
讴丕讴趹 賵丕乇蹖 丿蹖乇 丕倬乇,Kakad Wari Dir Upper
讴丕讴趹,Kakad
賵丕乇蹖,Wari
丿蹖乇,Dir
趩蹖乇丕鬲 趩诰丕丐賳蹖,Cherat Chaoni
趩蹖乇丕鬲,Cherat
讴蹖俟蹖 亘賳丿乇,Keti Bandar
讴蹖俟蹖,Keti
亘賳丿乇,Bandar
俟賳趫賵 賲蹖俟诰丕 禺丕賳,Tando Mitha Khan
丿鬲蹖 賵丕賱,Dittewal
賱蹖賳趫蹖 讴賵俟賱,Landi Kotal
賱蹖賳趫蹖,Landi
讴賵俟賱,Kotal
賵丕賳丕,Wana
卮賵賱蹖 亘丕夭丕乇,Shooli Bazar
卮賵賱蹖,Shooli
亘丕夭丕乇,Bazar
亘丕乇蹖卮丕賱,Barishal
亘蹖賳蹖賳,Banian
亘爻鬲蹖 丿賵爻丕,Basti Dosa
亘爻鬲蹖,Basti
丿賵爻丕,Dosa
趩賵讴蹖 噩賲丕賱,Chowki Jamali
趩賵讴蹖,Chowki
亘丕讴诰乇蹖 丕丨賲丿 禺丕賳,Bakhri Ahmad Khan
亘丕讴诰乇蹖,Bakhri
丕丨賲丿,Ahmad
讴賵俟 乇丕噩讴賵乇,Kot Rajkour
乇丕噩讴賵乇,Rajkour
讴蹖卮賵倬賵乇,Keshupur
賲丨賲丿 賲賵乇蹖賱 爻蹃蹖鬲賵 噩賵 诏賵鬲诰,Muhammad Moryal Sahito Jo Goth
賲賵乇蹖賱,Moryal
爻蹃蹖鬲賵,Sahito
丕卮丕賳丕诏乇賵 讴賵俟賵,Ashanagro Koto
丕卮丕賳丕诏乇賵,Ashanagro
讴賵俟賵,Koto
诏賱蹖卮丕 讴趩,Gulishah Kach
诏賱蹖卮丕,Gulishah
讴趩,Kach
賲賵夭蹃 卮丕蹃 賵丕賱丕,Moza Shahwala
讴诰賳趫賵賵丕,Khandowa
卮賳倬賵讴诰,Shinpokh
賳賵乇 丌亘丕丿,Noorabad
毓亘丿丕賱賱蹃 禺丕卮賯賱蹖,Abdullah Khaskheli
毓亘丿丕賱賱蹃,Abdullah
禺丕卮賯賱蹖,Khaskheli
丿噩賱 賵丕賱丕,Dajalwala
賳賵乇蹖丕亘丕丿,Nooriabad
亘爻鬲蹖 丕賵讴诰丕乇賵賳丿,Basti Aukharvand
丕賵讴诰丕乇賵賳丿,Aukharvand
夭蹖乇丕鬲,Ziarat
俟诰丕讴乇 讴蹝 蹃丕卮賲,Thakar Ke Hashim
俟诰丕讴乇,Thakar
蹃丕卮賲,Hashim
倬讴蹖 卮诏賵丕賳賵丕賱蹖,Pakki Shagwanwali
倬讴蹖,Pakki
卮诏賵丕賳賵丕賱蹖,Shagwanwali
亘爻鬲蹖 賲丕趩蹖,Basti Machi
賲丕趩蹖,Machi
賱丕賱亘丕夭诏乇蹝,Lalbazgaray
趩丕 毓賲乇 丨蹖丕鬲 賵丕賱丕,Cha Umar Hayyat Wala
趩丕,Cha
毓賲乇,Umar
丨蹖丕鬲,Hayyat
卮蹃蹖丿 丌亘丕丿,Shaheedabad
卮蹃蹖丿,Shaheed
丌亘丕丿,Abad
丕賲蹖乇 讴丕賱爻丕,Amir Kalsa
丕賲蹖乇,Amir
讴丕賱爻丕,Kalsa
趫蹖乇蹃 鬲丨氐蹖賱丿丕乇 賵丕賱丕,Dera Tehsildarwala
鬲丕乇丕诏乇 賵丕賱丕,Taragarwala
鬲丕乇丕诏乇,Taragar
倬蹖乇賵俟讴,Pirotak
亘爻鬲蹖 賯丕丿诰蹖丕,Basti Qaadhia
賯丕丿诰蹖丕,Qaadhia
噩丕鬲诰,Jath
丿诰賵讴蹝 丕賱賱蹃 乇丕夭蹖,Dhokay Allah Razi
丿诰賵讴蹝,Dhokay
丕賱賱蹃,Allah
乇丕夭蹖,Razi
丕爻丿 丕賱賱蹃,Asad Ullah
丕爻丿,Asad
丨賵蹖賱蹖 賲蹃乇 睾賱丕賲 賯丕丿乇 蹃蹖乇丕噩,Haveli Mehr Ghulam Qadir Hiraj
賯丕丿乇,Qadir
蹃蹖乇丕噩,Hiraj
丕爻丿 丕賱賱蹃 丿乇賵蹖卮,Asad Ullah Darvesh
丿乇賵蹖卮,Darvesh
丕爻丿 丕賱賱蹃 禺丕賳 丿乇賵蹖卮,Asad Ullah Khan Darvesh
丕夭賳賵,Uzhnu
賱丕賵丕,Lawa
丕乇亘丕亘 賳賵乇 賲丨賲丿,Arbab Noor Mohammad
丕乇亘丕亘,Arbab
賳賵乇,Noor
卮乇蹖賮 讴丕賱蹝,Sharif Kallay
卮乇蹖賮,Sharif
馗丕蹃乇 丌亘丕丿,Zahirabad
爻賵蹃乇蹝 讴賵蹃 亘丕夭丕乇,Sohreh Koh Bazar
爻賵蹃乇蹝,Sohreh
讴賵蹃,Koh
賲乇夭丕 讴丕賱蹝,Mirza Kallay
賲乇夭丕,Mirza
诏趹诰蹖 丕賲蹖賳 丌亘丕丿,Garhi Aminabad
禺丕賳 讴丕賱蹝,Khan Kalle
賲丨賱丕 毓賲乇 丌亘丕丿,Muhalla Umarabad
噩賳鬲 禺丕賳 讴丕賱蹝,Jannat Khan Kalle
噩賳鬲,Jannat
趫丕讴俟乇 讴丕賱蹝,Doctor Kalle
趫丕讴俟乇,Doctor
噩賱丕賱 丌亘丕丿,Jalalabad
爻乇丿丕乇 诏趹诰蹖,Sardar Garhi
爻乇丿丕乇,Sardar
爻丕乇蹃 丿乇诏丕蹖蹖,Sarah Dargai
爻丕乇蹃,Sarah
丿乇诏丕蹖蹖,Dargai
趫蹖乇丕卅蹖 讴丕賱蹝,Derai Kalle
趫蹖乇丕卅蹖,Derai
亘丕睾 爻丕乇,Bagh Sar
亘丕睾,Bagh
爻丕乇,Sar
丕爻賱賲 丌亘丕丿,Aslamabad
倬蹖乇 禺丕賳 讴丕賱蹝,Pir Khan Kalle
亘爻鬲蹖 讴诰丕卅蹖,Basti Khai
诏賵鬲诰 俟賵俟丕 讴诰蹖賱,Goth Tota Khel
俟賵俟丕,Tota
丨噩丕賲 诏趹诰蹖,Hajam Garhi
丨噩丕賲,Hajam
卮蹖禺 賳丕賱丕,Sheikh Nalla
卮蹖禺,Sheikh
賳丕賱丕,Nalla
賲丕乇賵丕卅蹖 亘丕亘丕 夭蹖丕乇鬲,Marwai Baba Ziarat
賲丕乇賵丕卅蹖,Marwai
亘丕亘丕,Baba
夭蹖丕乇鬲,Ziarat
丿讴爻乇 亘丕夭丕乇,Daksar Bazar
丿讴爻乇,Daksar
讴丕诏丕 賵丕賱丕,Kagga Wala
讴丕诏丕,Kagga
爻賳丿 讴賱丕俟,Sund Kalat
爻賳丿,Sund
噩丕俟 噩賵,Jat Joo
噩丕俟,Jat
诏趹诰蹖 睾賱丕賲 卮丕蹃,Garhi Ghulam Shah
丨丕噩蹖 亘賳鬲 禺丕賳 讴丕賱蹝,Haji Bint Khan Kallay
丨丕噩蹖,Haji
亘賳鬲,Bint
爻賲蹖 趩蹖俟,Sammi Chat
爻賲蹖,Sammi
趩蹖俟,Chat
爻丿乇蹖 诏趹诰蹖,Sadri Garhi
爻丿乇蹖,Sadri
诏趹诰蹖 爻蹖鬲诰賳,Garhi Saithan
爻蹖鬲诰賳,Saithan
俟賵倬讴 讴丕爻,Topak Kas
俟賵倬讴,Topak
讴丕爻,Kas
爻丕賲 賲蹖乇丕,Sam Maira
爻丕賲,Sam
賲蹖乇丕,Maira
賯丕囟蹖 丌亘丕丿,Qaziabad
亘蹖乇丕蹃賵 乇蹖讴,Biraho Rek
亘蹖乇丕蹃賵,Biraho
乇蹖讴,Rek
賯丿丕賲 讴丕賱蹝,Qadim Kallay
賯丿丕賲,Qadim
睾丕夭蹖 丌亘丕丿,Ghaziabad
诏趹诰蹖 爻乇賮乇丕夭,Garhi Sarfraz
爻乇賮乇丕夭,Sarfraz
賳孬丕乇 禺丕賳 讴丕賱蹝,Nisar Khan Kallay
賳孬丕乇,Nisar
诏夭 趩賵讴,Gaz Chauk
诏夭,Gaz
趩賵讴,Chauk
毓丕丿賱 讴丕賱蹝,Adil Kallay
毓丕丿賱,Adil
賮丿 丌亘丕丿,Fidabad
诏趹诰蹖 丕蹖賵亘 禺丕賳,Garhi Ayub Khan
丕蹖賵亘,Ayub
賲丨賲丿 丕爻賱丕賲 讴丕賱蹝,Muhammad Islam Kallay
丕爻賱丕賲,Islam
诏趹诰蹖 氐丿乇 賲賵爻蹖 禺丕賳,Garhi Saddar Musa Khan
賱蹖丕賯鬲 丌亘丕丿,Liaqatabad
卮丕蹃丿 丌亘丕丿,Shahidabad
诏趹诰蹖 俟丕卅賱丕 亘蹖賳趫,Garhi Taila Band
俟丕卅賱丕,Taila
亘蹖賳趫,Band
賳丕賳賳诏丕 賲賳趫賵賳蹖,Nananga Manduni
賳丕賳賳诏丕,Nananga
賲賳趫賵賳蹖,Manduni
爻乇讴丕蹖,Sarkai
丿诰賵讴 丕亘乇丕蹃蹖賲,Dhok Ibrahim
丿诰賵讴,Dhok
丕亘乇丕蹃蹖賲,Ibrahim
丿诰賵讴 爻賵蹃亘鬲 禺丕賳,Dhok Sohbat Khan
爻賵蹃亘鬲,Sohbat
丿诰賵讴 睾賱丕賲 丨蹖丿乇,Dhok Ghulam Haidar
丨蹖丿乇,Haidar
乇爻賵賱 亘禺卮,Rasul Bakhsh
乇爻賵賱,Rasul
亘禺卮,Bakhsh
丿诰賵讴 蹃賳夭丕乇 诏賱,Dhok Hinzar Gul
蹃賳夭丕乇,Hinzar
诏賱,Gul
丿诰賵讴 乇賳诏賳 禺丕賳,Dhok Rangin Khan
乇賳诏賳,Rangin
賳丕丿乇 丌亘丕丿,Nadarabad
趫诰賵讴 诏賱丕亘 禺丕賳,Dhok Gulab Khan
趫诰賵讴,Dhok
诏賱丕亘,Gulab
鬲丕賳诏丕 讴诰賵賱蹃,Tanga Khulla
鬲丕賳诏丕,Tanga
讴诰賵賱蹃,Khulla
賵夭蹖乇 诏賱,Wazir Gul
賵夭蹖乇,Wazir
鬲乇诏诰丕卅蹖 亘丕賳丿蹃,Targhai Banda
鬲乇诏诰丕卅蹖,Targhai
亘丕賳丿蹃,Banda
趫诰賵讴 诏噩乇 禺丕賳,Dhok Gujar Khan
卮丕丐 讴丕趩,Shao Kach
卮丕丐,Shao
讴丕趩,Kach
趫诰賵讴 丕賮囟賱 丌亘丕丿,Dhok Afzalabad
乇丨蹖賲 丌亘丕丿,Rahimabad
賲賲蹖 讴诰蹖賱,Mami Khel
賲賲蹖,Mami
賲丨賲丿 丨爻蹖賳 讴賱蹖,Muhammad Hussain Kili
丨爻蹖賳,Hussain
讴賱蹖,Kili
丿蹖倬賵 讴丕賱蹝,Dipu Kallay
丿蹖倬賵,Dipu
丌賵蹝 诏诰趹蹖亘丕,Aaway Ghariba
丌賵蹝,Aaway
诏诰趹蹖亘丕,Ghariba
噩丕乇丕亘蹖,Jarabi
丿賵诏丕,Dauga
噩賳诏賱丕 诏丕賱丕,Jangla Gala
噩賳诏賱丕,Jangla
蹃賱讴賳 鬲丕賱丕賵,Halkan Talao
蹃賱讴賳,Halkan
鬲丕賱丕賵,Talao
趫诰賵讴 賳賵乇 賲丨賲丿,Dhok Noor Muhammad
丿诰賵讴 卮蹃丕賵賱蹖,Dhok Shahwali
卮蹃丕賵賱蹖,Shahwali
丿诰賵讴 卮蹖乇 禺丕賳,Dhok Sher Khan
丿诰賵讴 丕賲蹖乇 禺丕賳,Dhok Amir Khan
丿诰賵讴 賮賯蹖乇 賲丨賲丿,Dhok Faqeer Muhammad
賮賯蹖乇,Faqeer
丿诰賵讴 丨亘蹖亘 賲蹖丕诤,Dhok Habib Mian
丨亘蹖亘,Habib
丿诰賵讴 丨丕噩蹖 丕賮囟賱 禺丕賳,Dhok Haji Afzal Khan
丕賮囟賱,Afzal
诏賱 賲丨賲丿 讴賱蹖,Gul Muhammad Kili
丿诰賵讴 讴乇丕賲鬲 毓賱蹖,Dhok Karamat Ali
讴乇丕賲鬲,Karamat
毓賱蹖,Ali
诏賵賱 乇丕賲,Gola Ram
诏賵賱,Gola
乇丕賲,Ram
丿诰賵讴 賲蹖丕诤 賳賵卮丕丿,Dhok Mian Noushad
賳賵卮丕丿,Noushad
夭乇亘丕夭,Zarbaz
趫诰賵讴 賲蹖丕诤 讴乇蹖賲,Dhok Mian Karim
讴乇蹖賲,Karim
讴賱蹖 丕賳賵乇,Kili Anwar
丕賳賵乇,Anwar
趫诰賵讴 禺丕賳 賲蹖乇,Dhok Khan Mir
賲蹖乇,Mir
賱讴丕賳 鬲丕賱丕賵,Lakkan Talao
賱讴丕賳,Lakkan
賲丕賱鬲蹖 讴丕賱蹝,Malti Kallay
賲丕賱鬲蹖,Malti
毓賱蹖 賲丨賲丿 讴賱蹖,Ali Muhammad Kili
丿亘乇 亘丕賳丿蹃,Dabar Banda
丿亘乇,Dabar
丿诰賵讴 爻蹖丿 亘丕丿卮丕蹃,Dhok Syed Badshah
爻蹖丿,Syed
亘丕丿卮丕蹃,Badshah
诏乇賳卮丕丿 讴賱蹖,Garnshad Kili
诏乇賳卮丕丿,Garnshad
爻蹖丿賵丕賱蹖,Syedwali
丿诰賵讴 鬲丕噩 毓賱蹖 禺丕賳,Dhok Taj Ali Khan
鬲丕噩,Taj
诏賲卮丿 趩丕,Gumshad Chah
诏賲卮丿,Gumshad
賲賱讴 毓亘丿丕賱乇丨賲賳 讴賱蹖,Malik Abdul Rehman Kili
卮賵亘賱蹝 讴賱丕賲,Shoblay Kalam
卮賵亘賱蹝,Shoblay
讴賱丕賲,Kalam
趫诰賵讴 毓亘丿丕賱賲鬲蹖賳,Dhok Abdul Mateen
倬丕乇賵,Parao
丕賵讴乇,Aukar
倬賵蹖丕,Poya
亘丕丿賳丕卅蹖 亘丕賳丿蹃,Badinai Banda
亘丕丿賳丕卅蹖,Badinai
賲賵爻蹖 诏趹诰蹖,Musa Garhi
賲賳诏乇丕,Mangara
丨讴蹖賲 丌亘丕丿,Hakimabad
蹃蹖賱蹖賮丕 丌亘丕丿,Halifabad
卮讴賵乇 丌亘丕丿,Shakurabad
诏賵乇趫蹖 亘丕賳丿蹃,Gurdi Banda
诏賵乇趫蹖,Gurdi
賯賲乇 亘丕亘丕 夭蹖丕乇鬲,Qamar Baba Ziarat
賯賲乇,Qamar
賳匕乇 诏賱 诏趹诰蹖,Nazar Gul Garhi
賳匕乇,Nazar
卮倬丕賳賵 诏趹诰蹖,Shappano Garhi
卮倬丕賳賵,Shappano
倬賳賵丕賳,Panwan
賲蹖乇丕 丕乇賲乇 賲蹖賳丕,Maira Urmar Miana
丕乇賲乇,Urmar
賲蹖賳丕,Miana
诏趹诰蹖 诏賱丕 禺丕賳,Garhi Gula Khan
诏賱丕,Gula
乇蹖蹃蹖賳 趩蹖俟,Reheen Cht
乇蹖蹃蹖賳,Reheen
诏趹诰蹖 倬丕蹖丕賳,Garhi Payan
倬丕蹖丕賳,Payan
賳丕卅讴丕 丌亘丕丿,Neikabad
爻賳鬲诰 丕賳賵賱蹖,Santh Anwali
爻賳鬲诰,Santh
丕賳賵賱蹖,Anwali
亘丕睾亘丕賳丕賳 亘丕夭丕乇,Baghbanan Bazar
亘丕睾亘丕賳丕賳,Baghbanan
诏趹诰蹖 讴丕賲乇丕 丌亘丕丿 诏趹诰蹖,Garhi Kamarabad Garhi
夭蹖乇丕鬲蹖 賲蹖賱蹃,Ziarati Mela
夭蹖乇丕鬲蹖,Ziarati
賲蹖賱蹃,Mela
鬲丕賱賳诏丕 讴賱蹖,Talanga Kili
鬲丕賱賳诏丕,Talanga
丕爻倬賳 诏賱 亘丕賳丿蹃,Aspin Gul Banda
丕爻倬賳,Aspin
趫賳讴丕 讴賱蹖,Dunka Kili
趫賳讴丕,Dunka
賱丕賲俟,Lamut
诏乇趩丕,Garacha
賱賵 賳賵丕鬲,Lo Nawat
賱賵,Lo
賳賵丕鬲,Nawat
讴賱蹖 賲賱丕 賲丨賲丿 亘禺卮,Kili Mulla Muhammad Bakhsh
賲賱丕,Mulla
噩賳诏賵賱 讴乇賵賳,Jangul Korun
噩賳诏賵賱,Jangul
讴乇賵賳,Korun
倬丕賱 亘丕賳丿蹃,Pala Banda
倬丕賱,Pala
乇囟丕 禺丕賳 讴賵俟丕,Raza Khan Kota
乇囟丕,Raza
讴賵俟丕,Kota
賲賱讴 毓亘丿賱 讴乇賵賳丕,Malik Abdul Korona
毓亘丿賱,Abdul
讴乇賵賳丕,Korona
賱丕賱 诏賱 讴賱蹖,Lal Gul Kili
賱丕賱,Lal
爻倬丕乇蹖 趫诰賵讴,Sapari Dhok
爻倬丕乇蹖,Sapari
诏賱丿丕丿 讴賱蹖,Guldad Kili
诏賱丿丕丿,Guldad
毓賲乇 讴賱蹖,Umar Kili
讴乇蹖賲 噩丕賳 讴賱蹖,Karim Jan Kili
噩丕賳,Jan
乇爻賵賱 禺丕賳 讴賱蹖,Rasul Khan Kili
賲賱讴 卮蹖禺 讴賱蹖,Malik Sheikh Kili
讴丕賱蹖丕乇蹖,Kaliari
噩賲毓蹃 诏賱 讴賱蹖,Jumma Gul Kili
噩賲毓蹃,Jumma
丨丕噩蹖 讴賱蹖,Haji Kili
賵夭蹖乇 讴賱蹖,Wazir Kili
毓夭蹖夭 亘丕賳丿蹃,Aziz Banda
毓夭蹖夭,Aziz
賲賱讴 丕毓馗賲 讴賱蹖,Malik Azam Kili
賳亘蹖丕亘丕丿,Nabiabad
讴诰俟讴 讴賱蹖,Khatak Kili
讴诰俟讴,Khatak
賲爻賱賲 丌亘丕丿,Muslimabad
賲賱賾丕,Milla
讴趩蹖 賱讴诰丕賳蹖,Kachhi Lakhani
讴趩蹖,Kachhi
賱讴诰丕賳蹖,Lakhani
讴诰賱丕賳 讴賵蹃,Khulan Koh
讴诰賱丕賳,Khulan
讴賳丕賱,Kunal
趩賳 鬲诰賱蹃,Chhan Thalla
趩賳,Chhan
鬲诰賱蹃,Thalla
賲俟蹖 賲鬲诰賵丕賳,Mud Mithwan
賲俟蹖,Mud
賲鬲诰賵丕賳,Mithwan
亘诰丕賲亘蹝,Bhambhe
讴诰乇倬丕,Kharappa
诏夭 賵丕賱丕,Gazwala
禺賱蹖乇賵,Khalero
賲賵乇蹖賳 賳賵丕賳蹝,Morin Nawane
賲賵乇蹖賳,Morin
賳賵丕賳蹝,Nawane
賮賱丕賳 丿诰乇蹖,Falan Dheri
賮賱丕賳,Falan
丿诰乇蹖,Dheri
讴丕賱蹝 賲蹖乇 夭賲丕賳,Kalle Mir Zaman
夭賲丕賳,Zaman
乇丕卅蹝 鬲诰丕蹖讴乇,Rai Thaikar
乇丕卅蹝,Rai
鬲诰丕蹖讴乇,Thaikar
丨爻蹖賳 卮丕蹃,Hussain Shah
噩诰丕賱丕,Jhala
噩丕丿賵,Jadu
趩賲亘丕 蹃賱蹖丕賳,Chamba Hilian
趩賲亘丕,Chamba
蹃賱蹖丕賳,Hilian
讴丕賱乇蹖,Kalri
賳賲诏丕賱丕,Numgala
賲丨爻賵丿 丌亘丕丿,Mahsudabad
賲丨賲丿 丕讴亘乇 禺丕賳,Muhammad Akbar Khan
丕讴亘乇,Akbar
賲蹖賵蹃 讴诰蹖賱,Mewa Khel
賲蹖賵蹃,Mewa
爻賵乇丕賳蹖 讴诰蹖賱,Surani Khel
爻賵乇丕賳蹖,Surani
賵夭蹖乇 讴丕賱蹝,Wazir Kalle
趩丕乇俟賳丕,Chartana
禺亘乇丿丕乇,Khabder
禺賵噩蹖 讴诰蹖賱,Khuji Khel
禺賵噩蹖,Khuji
丨爻賳 讴诰蹖賱,Hasan Khel
丨爻賳,Hasan
賳賲 爻丕卅蹖丿丕賳,Num Saiyidan
賳賲,Num
爻丕卅蹖丿丕賳,Saiyidan
讴乇丕卅蹖 讴丕賱蹝,Karai Kalle
讴乇丕卅蹖,Karai
賵丕乇蹖讴蹖 噩丕賳蹖 讴诰蹖賱,Wariki Jani Khel
賵丕乇蹖讴蹖,Wariki
噩丕賳蹖,Jani
賲乇夭丕 倬賵乇,Mirzapur
亘丿賳 讴诰蹖賱,Badan Khel
亘丿賳,Badan
亘賱蹖賱 讴诰蹖賱,Balil Khel
亘賱蹖賱,Balil
賵丕乇诏诰乇,Warghar
丨噩賵賵丕賱丕,Hajuwala
讴诰蹖乇蹖賵丕賱丕,Kherewala
賱丕爻乇丕卅蹖,Lasrai
讴诰趹 亘丕夭丕乇,Khad Bazar
讴诰趹,Khad
讴丕賱蹝 鬲丕賱丕賳,Kalle Talan
鬲丕賱丕賳,Talan
丕毓噩丕夭 丌亘丕丿,Ejazabad
亘诏诏丕,Bugga
趫丕诏乇 賵丕賱蹖,Dagarwali
讴丕賱丕 讴诰蹖鬲乇,Kala Khetar
讴丕賱丕,Kala
讴诰蹖鬲乇,Khetar
趫蹖賮賱,Daphil
趩乇賳,Churn
賯乇胤 丌亘丕丿,Qudratabad
讴丕賱賵賳蹖,Colony
亘賵乇賳,Burane
賲賱蹃賵鬲乇,Malhotar
毓賱蹖 亘丕趩丕,Ali Bacha
亘丕趩丕,Bacha
讴賵俟 丨丕噩蹖 诏賱夭丕乇,Kot Haji Gulzar
诏賱夭丕乇,Gulzar
蹃丕卮賲 禺丕賳 讴賵俟,Hashim Khan Kot
卮丕賲賵夭 禺丕賳 讴賵俟,Shamuz Khan Kot
卮丕賲賵夭,Shamuz
卮蹃亘丕夭 禺丕賳 讴賵俟,Shahbaz Khan Kot
卮蹃亘丕夭,Shahbaz
丨丕賮馗 乇賲囟丕賳,Hafiz Ramzan
丨丕賮馗,Hafiz
乇賲囟丕賳,Ramzan
乇丨賲鬲 禺丕賳,Rahmat Khan
乇丨賲鬲,Rahmat
睾丕夭蹖 讴賵俟,Ghazi Kot
賯爻賲鬲 丌亘丕丿 讴賵俟,Qismatabad Kot
乇丕诏诰夭卅蹖,Raghzai
賱丕賱 诏賱 賵夭蹖乇 讴賵俟,Lal Gul Wazir Kot
賲丨賲丿 丕蹖丕夭 讴賵俟,Muhammad Ayaz Kot
丕蹖丕夭,Ayaz
丿诰蹖賲賳丕賱 趩賵乇丕,Dhemnal Chura
丿诰蹖賲賳丕賱,Dhemnal
趩賵乇丕,Chura
亘賳蹖賲蹖賳 賵丕賱丕,Banyaminwala
亘睾賱蹖丕賳,Baghlian
讴诰丕丿,Khad
賲丕乇蹖 讴丕賱蹝,Marai Kalle
賲丕乇蹖,Marai
倬丕賵賳趫丕 爻賱丕卅蹖,Pawanda Salai
倬丕賵賳趫丕,Pawanda
爻賱丕卅蹖,Salai
讴丕賱蹝 趫蹖讴,Kalle Dek
趫蹖讴,Dek
噩丿丕丿 丌亘丕丿,Jadidabad
讴乇蹖,Kirri
亘乇丕 乇賳诏蹖 讴丕賱蹝,Bad Rangi Kalle
亘乇丕,Bad
乇賳诏蹖,Rangi
賲蹖乇丕 讴诰蹖賱,Mira Khel
賲睾賱 讴诰蹖賱,Mughal Khel
賲睾賱,Mughal
夭乇亘蹖賳,Zarabin
卮賳 讴丕卮賵賱丕,Shin Kashola
卮賳,Shin
讴丕卮賵賱丕,Kashola
丿亘讴 爻蹖丿 讴诰蹖賱,Dabak Saiyid Khel
丿亘讴,Dabak
亘丿 卮丕蹃 禺丕賳 讴賵俟,Bad Shah Khan Kot
亘丿,Bad
丌氐賮 禺丕賳 讴賵俟,Ashraf Khan Kot
丌氐賮,Ashraf
亘丕乇蹖 讴賵俟,Bari Kot
亘丕乇蹖,Bari
賯爻賲鬲 禺丕賳,Qismat Khan
賯爻賲鬲,Qismat
睾丕賮鬲乇 讴賵俟,Ghaftor Kot
睾丕賮鬲乇,Ghaftor
賲賳賾賵 禺丕賳 讴賵俟,Mannu Khan Kot
賲賳賾賵,Mannu
賳卮鬲乇 讴賵俟,Nishtar Kot
賳卮鬲乇,Nishtar
噩蹃丕賳诏蹖乇 丌亘丕丿,Jahangirabad
亘趹丕 讴诰蹖鬲乇,Bara Khetar
亘趹丕,Bara
诏賱丕亘 禺丕賳 讴賵俟,Gulab Khan Kot
丕爻賱賲 禺丕賳 讴賵俟,Aslam Khan Kot
丕爻賱賲,Aslam
俟賵倬丕,Topa
亘賳丿蹖,Bandi
賯丕乇蹖 丌亘丕丿,Qaribabad
讴賵俟 賲蹖蹃蹖 丿賱,Kot Mehi Dil
賲蹖蹃蹖,Mehi
丿賱,Dil
亘乇讴蹖丕 丌亘丕丿,Barkiabad
賲蹖乇 爻賱丕賲 讴賵俟,Mir Salam Kot
爻賱丕賲,Salam
倬丕鬲賵乇丕,Pathora
趩賵趫丕卅蹖,Chodai
倬蹖乇丕亘丕丿,Pirabad
賳氐乇鬲蹖 讴丕賱蹝,Nasrati Kalle
賳氐乇鬲蹖,Nasrati
睾賱丕賲 讴賵俟,Ghulam Kot
亘丕乇賱蹖卮俟 讴丕賱蹝,Barlisht Kalle
亘丕乇賱蹖卮俟,Barlisht
讴蹖乇蹖 倬丕賵賳趫丕,Kiri Pawinda
讴蹖乇蹖,Kiri
讴賵俟 爻诏丕卅蹖,Kot Sagai
爻诏丕卅蹖,Sagai
讴賵俟 賱丕賱 禺丕賳,Kot Lal Khan
爻賵乇蹖 丿诏,Suri Dag
爻賵乇蹖,Suri
丿诏,Dag
讴賵夭,Kuz
诏诰趹蹖夭蹃,Ghariza
丕賲丕賳夭卅蹖,Amanzai
亘乇噩 丿诰乇蹖 讴賱蹖,Burj Dheri Kili
亘乇噩,Burj
賲爻鬲噩亘 诏趹诰蹖,Mustejab Garhi
賲爻鬲噩亘,Mustejab
鬲丕倬賵 讴乇賵賳丕,Tapu Koruna
鬲丕倬賵,Tapu
噩賲丕賱 丌亘丕丿,Jamalabad
賲丕噩噩丕 亘丕夭丕乇,Majja Bazar
賲丕噩噩丕,Majja
鬲丕倬賵 爻乇丿丕乇,Tapu Sardar
賲賵爻蹖 賯賱毓蹃,Musa Qila
賯賱毓蹃,Qila
卮丕卅賳 诏诰賵賳趫丕卅蹖,Shine Ghundai
卮丕卅賳,Shine
诏诰賵賳趫丕卅蹖,Ghundai
毓賯丕亘 丿诏,Aqrab Dag
毓賯丕亘,Aqrab
蹃乇蹖賳丿丕,Harinda
賲蹖噩乇 讴賱蹖,Major Kili
賲蹖噩乇,Major
卮蹖禺 毓亘丿賱 讴诰蹖賱,Shaikh Abdul Khel
丕毓馗賲 丌亘丕丿,Azam Abad
诏趹诰蹖 爻丕卅蹖丿丕賳,Garhi Saiyidan
爻丕乇蹟,Sar
賲丕爻爻,Masis
丕乇 诏诰乇,Ur Ghar
丕乇,Ur
诏诰乇,Ghar
卮乇亘鬲 亘丕賳丿蹃,Sharbat Banda
卮乇亘鬲,Sharbat
诏诰趹蹖 丌亘丕丿,Gharibabad
讴丕賲 亘丕趩丕,Kam Bacha
讴丕賲,Kam
卮睾丕卅蹖 讴丕賱蹝,Shagai Kalle
卮睾丕卅蹖,Shagai
毓賲乇 丌亘丕丿,Umarabad
卮丕蹃 爻賱蹖賲,Shah Salim
爻賱蹖賲,Salim
讴賵俟讴丕 爻賱胤丕賳 丌亘丕丿,Kotka Sultanabad
讴賵俟讴丕 賲蹖丕丕賳丕,Kotka Miana
讴賵俟讴丕,Kotka
賲蹖丕丕賳丕,Miana
賲賵賱丕 讴诰蹖賱,Mula Khel
賲賵賱丕,Mula
亘丕賳丿乇蹖,Bandri
亘乇丕 夭蹖乇丕鬲,Bad Ziarat
噩賵賱丕 诏趹诰蹖,Jolla Garhi
噩賵賱丕,Jolla
卮賳 丿乇丕賳诏,Shin Darrang
丿乇丕賳诏,Darrang
蹃乇丿蹖讴蹖,Hrdeki
胤賵胤 胤丕賱亘,Tut Talab
胤賵胤,Tut
胤丕賱亘,Talab
爻蹖丕賱 禺丕賳 讴丕賱蹝,Sial Khan Kalle
爻蹖丕賱,Sial
賲爻賱賲 丌亘丕丿 诏趹诰蹖,Muslimabad Garhi
诏賱 丕丨賲丿 禺丕賳,Gul Ahmad Khan
賲丕卮賵 倬丕讴丕卅蹖,Masho Pakkai
賲丕卮賵,Masho
倬丕讴丕卅蹖,Pakkai
鬲賵讴賱 亘丕夭丕乇,Tawakkal Bazar
鬲賵讴賱,Tawakkal
爻丕賱丕乇 讴賱蹖,Salar Kili
爻丕賱丕乇,Salar
爻賲丕乇 亘丕睾,Sammar Bagh
爻賲丕乇,Sammar
賲蹖丕诤 賲賵乇趩蹃,Mian Morcha
賲賵乇趩蹃,Morcha
氐賮丿乇 丌亘丕丿,Safdarabad
賮賯蹖乇 賲丨賲丿 亘丕夭丕乇,Faqir Muhammad Bazar
讴丕賱蹝 诏乇賵夭丕賳蹖 讴诰蹖賱,Kalle Garozani Khel
诏乇賵夭丕賳蹖,Garozani
氐丕丿賯 亘丕夭丕乇,Sadiq Bazar
氐丕丿賯,Sadiq
夭乇 亘丕丿卮丕蹃 讴賱蹖,Zar Badshah Kili
夭乇,Zar
趩俟丕賳,Chattan
賲蹖丕诤 噩蹖 诏趹诰蹖,Mian Ji Garhi
噩蹖,Ji
倬讴诰鬲賳 亘丕睾,Pukhtun Bagh
倬讴诰鬲賳,Pukhtun
讴賱蹖鬲 讴诰蹖賱,Kilat Khel
讴賱蹖鬲,Kilat
爻讴诰蹖 倬賱,Sakhi Pul
爻讴诰蹖,Sakhi
倬賱,Pul
噩賲毓蹃 禺丕賳 诏趹诰蹖,Juma Khan Garhi
诏诰賵賳趫丕卅蹖 讴賱蹖,Ghundai Kili
趩卮 賱丿诰,Chish Ladh
趩卮,Chish
賱丿诰,Ladh
卮丕賱 丿亘,Shawal Dab
卮丕賱,Shawal
丿亘,Dab
爻乇丕卅蹝 诏诰賳趫蹖,Sarai Ghundi
诏诰賳趫蹖,Ghundi
丨丕噩蹖 噩賲毓蹃 禺丕賳 丕趫丕,Haji Jumma Khan Adda
丕趫丕,Adda
丨爻賳 讴诰蹖賱 趫丕诏乇 讴丕賱蹝,Hassan Khel Dagar Kalle
趫丕诏乇,Dagar
亘丕夭丕乇 讴賵俟,Bazzar Kot
丕賵亘賵跇丕卅蹖 讴丕賱蹝,Owobzhai Kalle
丕賵亘賵跇丕卅蹖,Owobzhai
丨丕噩蹖 乇亘賳賵丕夭 讴賵乇丕賳蹃,Haji Rabnawaz Kourana
乇亘賳賵丕夭,Rabnawaz
讴賵乇丕賳蹃,Kourana
趩蹖乇蹖 賳乇賲賱蹖 讴诰蹖賱,Chiri Narmi Khel
趩蹖乇蹖,Chiri
賳乇賲賱蹖,Narmi
爻乇蹃蹖,Sirhi
賲賱讴 夭丕賱 讴丕賱蹝,Malik Zal Kalle
夭丕賱,Zal
賱賵乇蹖爻丕,Loresa
丕賲蹖乇 卮蹖乇蹖賳 讴丕賱蹝,Amir Sharin Kalle
卮蹖乇蹖賳,Sharin
讴丕乇賳賵俟丕,Karnota
讴賵俟讴丕 亘丕乇賲,Kotka Baram
亘丕乇賲,Baram
爻賳蹖 讴诰蹖賱,Sani Khel
爻賳蹖,Sani
睾賱丕賲 噩丕賳 讴丕賱蹝,Ghulam Jan Kalle
讴诰賵噩丕 讴诰蹖賱,Khuja Khel
讴诰賵噩丕,Khuja
讴诰丕乇賳诏蹖 鬲賵乇 讴诰蹖賱,Kharangi Tor Khel
讴诰丕乇賳诏蹖,Kharangi
鬲賵乇,Tor
亘丕賱丕 讴诰蹖賱,Bala Khel
乇卮賲賳 讴诰蹖賱,Rashman Khel
乇卮賲賳,Rashman
倬丕俟讴,Patak
賲丕卮蹖乇 讴诰蹖賱,Mashir Khel
賲丕卮蹖乇,Mashir
爻賲賳丿乇 禺丕賳,Samundar Khan
爻賲賳丿乇,Samundar
賲賵爻蹖 讴诰蹖賱,Musa Khel
讴蹖乇蹖 讴诰蹖賱,Kiri Khel
賲丕賳丕 诏賱,Mana Gul
賲丕賳丕,Mana
賵丕趩丕 夭賳诏丕乇蹖,Wacha Zangari
賵丕趩丕,Wacha
夭賳诏丕乇蹖,Zangari
趫乇賳,Dran
讴賵俟讴丕 卮丕禺,Kotka Shakh
卮丕禺,Shakh
丌丿賲 禺丕賳,Adam Khan
禺丕賳 讴乇賵賳丕,Khan Korona
賲丨賲丿 卮乇蹖賮,Muhammad Sharif
讴賵俟讴丕 乇丨賲鬲 丕賱賱蹃,Kotka Rahmatullah
俟賵倬蹖 讴丕賱蹝,Topi Kalle
讴賵俟讴丕 賵丕賱蹖 亘蹖俟,Kotka Wali Bat
賵丕賱蹖,Wali
亘蹖俟,Bat
讴賵俟讴丕 丌丿賲夭卅蹖,Kotka Adamzai
丌丿賲夭卅蹖,Adamzai
乇賵蹃亘乇,Rohbar
爻賱胤丕賳 丌亘丕丿,Sultanabad
诏趫賵丕蹝,Gadwai
讴賵俟讴丕 乇丕卅鬲賵 禺丕賳,Kotka Raitu Khan
乇丕卅鬲賵,Raitu
趩诰賱蹖乇蹖,Chhaleri
爻禺 讴丕賱蹝,Shakh Kalle
爻禺,Shakh
卮蹖乇 夭賲丕賳,Sher Zaman
噩賱賵 讴诰蹖賱,Jalu Khel
噩賱賵,Jalu
讴賵俟讴丕 賲賵賱诏賳,Kotka Mulagan
賲賵賱诏賳,Mulagan
鬲乇讴賳,Tarkan
卮蹖乇 亘丕夭 禺丕賳,Sher Baz Khan
亘丕夭,Baz
讴賵俟讴丕 馗賮乇 禺丕賳,Kotka Zafar Khan
馗賮乇,Zafar
丨蹖丕鬲 禺丕賳,Hayat Khan
丨蹖亘鬲 禺丕賳 夭賳诏蹖,Haibat Khan Zangi
丨蹖亘鬲,Haibat
夭賳诏蹖,Zangi
讴賵俟讴丕 毓賱蹖 禺丕賳,Kotka Ali Khan
讴賵俟讴丕 噩亘丕乇,Kotka Jabar
噩亘丕乇,Jabar
讴賵俟讴丕 賲蹖乇 丕讴亘乇,Kotka Mir Akbar
讴賳趫丕乇 讴賵夭蹖,Kandar Kuzi
讴賳趫丕乇,Kandar
讴賵夭蹖,Kuzi
丕賵乇賳蹖,Orni
卮丕蹃丿 诏丕賱丕,Shahid Gala
卮丕蹃丿,Shahid
蹃丕鬲丕乇 倬乇蹖,Hatar Pari
蹃丕鬲丕乇,Hatar
倬乇蹖,Pari
噩亘亘賳,Jabban
夭蹖乇丕鬲 倬蹖乇 讴賳蹃丕俟蹖,Ziarat Pir Kanhati
讴賳蹃丕俟蹖,Kanhati
亘賳,Bun
乇夭卅蹖 禺丕賳 诏蹖爻,Razai Khan Gis
乇夭卅蹖,Razai
诏蹖爻,Gis
賳丕诏賳蹖,Nagni
卮丕蹃 賲乇丕丿 诏蹖爻,Shah Murad Gis
賲乇丕丿,Murad
賳匕乇 丨爻蹖賳 卮丕蹃丿,Nazar Hussain Shahid
爻賵讴蹖,Soki
讴賵賲蹖,Kumi
倬蹖乇 賲丨賲丿 诏蹖爻,Pir Muhammad Gis
讴俟賱丕 乇丕噩賵丕,Kutla Rajwa
讴俟賱丕,Kutla
乇丕噩賵丕,Rajwa
讴賱蹖 诏丕亘乇,Kili Gabar
诏丕亘乇,Gabar
毓蹖爻蹖 禺丕賳 诏蹖爻,Essa Khan Gis
毓蹖爻蹖,Essa
诏诰乇 賲賳趫丕 卮乇蹖賮,Ghar Munda Sharif
賲賳趫丕,Munda
讴倬趩賳,Kapchhan
賳賵賳 亘賳 夭蹖乇丕鬲,Nun Bin Ziarat
賳賵賳,Nun
倬俟 讴趩蹃,Pat Kuchha
倬俟,Pat
讴趩蹃,Kuchha
讴賱爻丕賳,Kalsan
賲亘丕乇讴 诏蹖爻,Mubarak Gis
賲亘丕乇讴,Mubarak
趫賳趫賲,Dandam
趫诰賵讴 賳蹖丕賳,Dhok Naiyan
賳蹖丕賳,Naiyan
鬲丕賳蹖賳,Tanian
亘丕鬲蹖賳,Batian
鬲丕賱蹖 倬鬲乇丕,Talipatra
鬲丕噩 賲丨賲丿,Taj Muhammad
噩亘趹蹝,Jabre
讴卮蹖丕賳蹖 卮蹖禺,Kushyani Shaikh
讴卮蹖丕賳蹖,Kushyani
噩亘亘賵鬲丕,Jabbuta
诏蹖賳丿,Geand
亘俟丕賱蹃,Batala
爻蹖賱賲丕賳 诏蹖爻,Selman Gis
爻蹖賱賲丕賳,Selman
趩诰趩乇蹖,Chhichri
賲蹖乇丕賳 诏丕賱丕,Miran Gala
丿丕賲賳蹖,Damni
丿丕賲賳蹖 趩蹖乇,Damni Cher
趩蹖乇,Cher
賵夭蹖乇 毓賱蹖 诏蹖爻,Wazir Ali Gis
賲賵蹃乇蹖 亘蹃丕丿乇丕賱蹖,Mohri Bahadarwali
賲賵蹃乇蹖,Mohri
亘蹃丕丿乇丕賱蹖,Bahadarwali
賲丨賲丿 亘蹖賱丕,Muhammud Bela
賲賱讴 卮讴鬲 诏蹖爻,Malik Shakat Gis
卮讴鬲,Shakat
丿賵亘丕 爻丕卅蹖丿丕賳,Duba Saiyidan
丿賵亘丕,Duba
賮鬲丨 賲蹖乇丕賳,Fateh Miran
賮鬲丨,Fateh
趫賵賳丕賱丕 賲賵乇蹖丕賳,Donala Morian
趫賵賳丕賱丕,Donala
賲賵乇蹖丕賳,Morian
蹃丕賱賵賱,Halol
夭蹖丕乇鬲 蹖爻蹖賳 卮丕蹃,Ziarat Yasin Shah
蹖爻蹖賳,Yasin
亘俟丕賱蹃 倬丿丕乇,Batala Paddar
倬丿丕乇,Paddar
讴賵倬乇丕 俟賵倬蹖,Kopra Topi
讴賵倬乇丕,Kopra
讴賵俟诰蹖丕賳,Kothian
讴诰乇亘俟,Khrabutt
蹃俟蹖丕賱蹃 俟賵倬丕,Hatiala Topa
蹃俟蹖丕賱蹃,Hatiala
丨丕噩蹖 賲賱讴 诏賱 賲丨賲丿 诏蹖爻,Haji Malik Gul Muhammad Gis
诏蹃賱 趩诰倬乇蹖丕賳,Gehl Chhaprian
诏蹃賱,Gehl
趩诰倬乇蹖丕賳,Chhaprian
賲賱賳 賳賵乇 诏蹖爻,Mullan Nur Gis
賲賱賳,Mullan
